#,Company name,Symbol,Price (USD),Sector,Industry,Market,Provided by GlobeFunder.com,
1,Agilent Technologies,A,$131.15,Health Technology,Medical Specialties,NYSE,,
2,Alcoa,AA,$39.70,Non-Energy Minerals,Aluminum,NYSE,,
3,Artius Acquisition Inc,AACQ,$9.85,Finance,Financial Conglomerates,NASDAQ,,
4,American Airlines,AAL,$22.40,Transportation,Airlines,NASDAQ,,
5,Advance Auto Parts,AAP,$202.81,Retail Trade,Specialty Stores,NYSE,,
6,Apple,AAPL,$127.45,Electronic Technology,Telecommunications Equipment,NASDAQ,,
7,AbbVie,ABBV,$116.43,Health Technology,Pharmaceuticals: Major,NYSE,,
8,Ambev,ABEV,$3.31,Consumer Non-Durables,Beverages: Alcoholic,NYSE,,
9,Airbnb Inc,ABNB,$141.20,Technology Services,Internet Software/Services,NASDAQ,,
10,Abbott Labs,ABT,$118.31,Health Technology,Medical Specialties,NYSE,,
11,ACE Convergence Acquisition Corp,ACEV,$9.96,Finance,Financial Conglomerates,NASDAQ,,
12,Atlas Crest Investment Corp,ACIC,$9.87,Finance,Financial Conglomerates,NYSE,,
13,Accenture PLC,ACN,$288.20,Technology Services,Information Technology Services,NYSE,,
14,Arclight Clean Transition Corp,ACTC,$13.96,Finance,Financial Conglomerates,NASDAQ,,
15,Adobe,ADBE,$486.56,Technology Services,Packaged Software,NASDAQ,,
16,Analog Devices,ADI,$149.61,Electronic Technology,Semiconductors,NASDAQ,,
17,Archer-Daniels-Midland,ADM,$67.66,Process Industries,Agricultural Commodities/Milling,NYSE,,
18,Automatic Data Processing,ADP,$194.64,Technology Services,Data Processing Services,NASDAQ,,
19,Autodesk,ADSK,$277.63,Technology Services,Packaged Software,NASDAQ,,
20,American Eagle Outfitters,AEO,$36.56,Retail Trade,Apparel/Footwear Retail,NYSE,,
21,American Electric Power,AEP,$86.76,Utilities,Electric Utilities,NASDAQ,,
22,The AES Corporation,AES,$25.37,Utilities,Electric Utilities,NYSE,,
23,Aflac,AFL,$56.46,Finance,Life/Health Insurance,NYSE,,
24,Affirm Holdings,AFRM,$54.00,Technology Services,Internet Software/Services,NASDAQ,,
25,First Majestic Silver Corp,AG,$16.00,Non-Energy Minerals,Precious Metals,NYSE,,
26,Agilon Health,AGL,$29.96,Health Services,Medical/Nursing Services,NYSE,,
27,AGNC Investment,AGNC,$18.18,Finance,Real Estate Investment Trusts,NASDAQ,,
28,C3.ai Inc,AI,$51.94,Technology Services,Packaged Software,NYSE,,
29,AIG,AIG,$51.90,Finance,Multi-Line Insurance,NYSE,,
30,Ajax I,AJAX,$9.91,Finance,Financial Conglomerates,NYSE,,
31,Akamai Technologies,AKAM,$113.16,Technology Services,Internet Software/Services,NASDAQ,,
32,Air Lease Corporation,AL,$46.38,Finance,Finance/Rental/Leasing,NYSE,,
33,Albemarle Corporation,ALB,$163.81,Process Industries,Chemicals: Specialty,NYSE,,
34,Align Technology,ALGN,$569.04,Health Technology,Medical Specialties,NASDAQ,,
35,Allstate,ALL,$139.26,Finance,Property/Casualty Insurance,NYSE,,
36,Allot Communications,ALLT,$17.08,Electronic Technology,Computer Communications,NASDAQ,,
37,Ally Financial,ALLY,$54.00,Finance,Regional Banks,NYSE,,
38,Alexion Pharmaceuticals,ALXN,$173.49,Health Technology,Biotechnology,NASDAQ,,
39,Antero Midstream Partners LP,AM,$9.69,Industrial Services,Oil & Gas Pipelines,NYSE,,
40,Applied Materials,AMAT,$124.83,Producer Manufacturing,Industrial Machinery,NASDAQ,,
41,AMC,AMC,$12.98,Consumer Services,Movies/Entertainment,NYSE,,
42,Advanced Micro Devices,AMD,$74.59,Electronic Technology,Semiconductors,NASDAQ,,
43,Ametek,AME,$134.34,Producer Manufacturing,Electrical Products,NYSE,,
44,Amgen,AMGN,$251.38,Health Technology,Biotechnology,NASDAQ,,
45,American Homes 4 Rent,AMH,$37.31,Finance,Real Estate Investment Trusts,NYSE,,
46,Ameresco,AMRC,$49.71,Industrial Services,Engineering & Construction,NYSE,,
47,Amneal Pharmaceuticals,AMRX,$5.64,Health Technology,Pharmaceuticals: Major,NYSE,,
48,American Tower,AMT,$246.76,Finance,Real Estate Investment Trusts,NYSE,,
49,Amazon,AMZN,"$3,222.90",Retail Trade,Internet Retail,NASDAQ,,
50,Arista Networks,ANET,$326.38,Electronic Technology,Computer Communications,NYSE,,
51,Abercrombie & Fitch,ANF,$41.29,Retail Trade,Apparel/Footwear Retail,NYSE,,
52,ANGI Homeservices,ANGI,$13.06,Technology Services,Internet Software/Services,NASDAQ,,
53,Ansys,ANSS,$326.47,Technology Services,Packaged Software,NASDAQ,,
54,Anthem,ANTM,$393.93,Health Services,Managed Health Care,NYSE,,
55,AO Smith,AOS,$71.77,Producer Manufacturing,Building Products,NYSE,,
56,Apache,APA,$21.56,Energy Minerals,Oil & Gas Production,NASDAQ,,
57,Air Products and Chemicals,APD,$301.05,Process Industries,Chemicals: Specialty,NYSE,,
58,Amphenol,APH,$66.36,Electronic Technology,Electronic Components,NYSE,,
59,AppLovin Corp,APP,$57.26,Technology Services,Packaged Software,NASDAQ,,
60,Appian Corporation,APPN,$83.26,Technology Services,Packaged Software,NASDAQ,,
61,Digital Turbine,APPS,$59.11,Technology Services,Internet Software/Services,NASDAQ,,
62,Apollo Strategic Growth Capital,APSG,$9.80,Finance,Finance/Rental/Leasing,NYSE,,
63,Apex Technology Acquisition Corp,APXT,$10.04,Finance,Financial Conglomerates,NASDAQ,,
64,Antero Resources Corporation,AR,$11.84,Energy Minerals,Oil & Gas Production,NYSE,,
65,Ares Capital,ARCC,$18.91,Finance,Investment Managers,NASDAQ,,
66,Arcturus Therapeutics Holdings Inc,ARCT,$28.86,Health Technology,Pharmaceuticals: Major,NASDAQ,,
67,Apollo Commercial Real Estate Finance,ARI,$15.20,Finance,Real Estate Investment Trusts,NYSE,,
68,Aramark,ARMK,$39.10,Consumer Services,Restaurants,NYSE,,
69,Arconic,ARNC,$35.96,Non-Energy Minerals,Aluminum,NYSE,,
70,ARMOUR Residential,ARR,$12.02,Finance,Real Estate Investment Trusts,NYSE,,
71,Arrival Group,ARVL,$18.29,Consumer Durables,Motor Vehicles,NASDAQ,,
72,Asana Inc,ASAN,$29.41,Technology Services,Packaged Software,NYSE,,
73,ASML Holding,ASML,$647.76,Producer Manufacturing,Industrial Machinery,NASDAQ,,
74,Autohome,ATHM,$90.66,Technology Services,Internet Software/Services,NYSE,,
75,AptarGroup,ATR,$153.54,Process Industries,Containers/Packaging,NYSE,,
76,Altice USA,ATUS,$37.83,Consumer Services,Cable/Satellite TV,NYSE,,
77,Activision Blizzard,ATVI,$93.35,Consumer Durables,Recreational Products,NASDAQ,,
78,AngloGold Ashanti,AU,$23.71,Non-Energy Minerals,Precious Metals,NYSE,,
79,Yamana Gold,AUY,$5.12,Non-Energy Minerals,Precious Metals,NYSE,,
80,AvalonBay Communities,AVB,$197.96,Finance,Real Estate Investment Trusts,NYSE,,
81,Broadcom,AVGO,$441.62,Electronic Technology,Semiconductors,NASDAQ,,
82,Avalara,AVLR,$122.94,Technology Services,Packaged Software,NYSE,,
83,American Axle & Manufacturing,AXL,$10.63,Producer Manufacturing,Auto Parts: OEM,NYSE,,
84,Axon Enterprise Inc,AXON,$132.76,Electronic Technology,Aerospace & Defense,NASDAQ,,
85,American Express,AXP,$157.15,Finance,Finance/Rental/Leasing,NYSE,,
86,Axalta Coating Systems,AXTA,$32.64,Process Industries,Industrial Specialties,NYSE,,
87,Atlantica Sustainable Infrastructure,AY,$35.44,Utilities,Alternative Power Generation,NASDAQ,,
88,Alteryx,AYX,$77.06,Technology Services,Packaged Software,NYSE,,
89,AstraZeneca PLC,AZN,$55.21,Health Technology,Pharmaceuticals: Major,NASDAQ,,
90,AutoZone,AZO,"$1,527.58",Retail Trade,Specialty Stores,NYSE,,
91,Boeing,BA,$228.47,Electronic Technology,Aerospace & Defense,NYSE,,
92,Alibaba,BABA,$209.51,Retail Trade,Internet Retail,NYSE,,
93,Bank of America,BAC,$42.36,Finance,Major Banks,NYSE,,
94,Booz Allen Hamilton,BAH,$83.15,Commercial Services,Miscellaneous Commercial Services,NYSE,,
95,Brookfield Asset Management Inc.,BAM,$48.38,Finance,Investment Managers,NYSE,,
96,Credicorp,BAP,$145.78,Finance,Regional Banks,NYSE,,
97,Baxter,BAX,$83.86,Health Technology,Medical Specialties,NYSE,,
98,BlackBerry,BB,$8.44,Technology Services,Packaged Software,NYSE,,
99,BBVA Banco Francés,BBAR,$3.02,Finance,Regional Banks,NYSE,,
100,Banco Bradesco S.A. - Preferred Shares,BBD,$4.71,Finance,Major Banks,NYSE,,
101,Best Buy,BBY,$120.39,Retail Trade,Electronics/Appliance Stores,NYSE,,
102,Barclays PLC,BCS,$10.39,Finance,Major Banks,NYSE,,
103,Belden,BDC,$52.38,Producer Manufacturing,Electrical Products,NYSE,,
104,Becton Dickinson,BDX,$242.38,Health Technology,Medical Specialties,NYSE,,
105,Franklin Resources,BEN,$34.54,Finance,Investment Managers,NYSE,,
106,Brookfield Renewable Partners,BEP,$36.30,Utilities,Electric Utilities,NYSE,,
107,Brookfield Renewable Corporation,BEPC,$39.40,Utilities,Electric Utilities,NYSE,,
108,Brown Forman,BF.B,$78.24,Consumer Non-Durables,Beverages: Alcoholic,NYSE,,
109,Bunge,BG,$90.63,Process Industries,Agricultural Commodities/Milling,NYSE,,
110,Bausch Health Companies,BHC,$29.07,Health Technology,Pharmaceuticals: Other,NYSE,,
111,BHP Billiton,BHP,$77.47,Non-Energy Minerals,Other Metals/Minerals,NYSE,,
112,Baidu,BIDU,$186.21,Technology Services,Internet Software/Services,NASDAQ,,
113,Biogen,BIIB,$280.21,Health Technology,Biotechnology,NASDAQ,,
114,Bilibili,BILI,$96.87,Technology Services,Internet Software/Services,NASDAQ,,
115,Bio-Rad Laboratories,BIO,$600.75,Health Technology,Medical Specialties,NYSE,,
116,Brookfield Infrastructure Partners,BIP,$52.72,Utilities,Alternative Power Generation,NYSE,,
117,Brookfield Infrastructure Corp,BIPC,$70.47,Utilities,Gas Distributors,NYSE,,
118,BJ's Wholesale Club Holdings,BJ,$47.25,Retail Trade,Specialty Stores,NYSE,,
119,BNY Mellon,BK,$51.78,Finance,Major Banks,NYSE,,
120,Booking,BKNG,"$2,282.48",Consumer Services,Other Consumer Services,NASDAQ,,
121,Baker Hughes,BKR,$25.10,Industrial Services,Oilfield Services/Equipment,NYSE,,
122,Ballard Power Systems,BLDP,$14.64,Producer Manufacturing,Electrical Products,NASDAQ,,
123,BlackRock,BLK,$856.87,Finance,Investment Managers,NYSE,,
124,Ball Corporation,BLL,$89.10,Process Industries,Containers/Packaging,NYSE,,
125,Banco Macro,BMA,$15.30,Finance,Regional Banks,NYSE,,
126,Bumble Inc.,BMBL,$42.82,Technology Services,Packaged Software,NASDAQ,,
127,Biomarin Pharmaceutical,BMRN,$76.93,Health Technology,Biotechnology,NASDAQ,,
128,Bristol-Myers Squibb,BMY,$64.88,Health Technology,Pharmaceuticals: Major,NYSE,,
129,BioNTech SE,BNTX,$192.77,Health Technology,Biotechnology,NASDAQ,,
130,Box,BOX,$23.31,Technology Services,Information Technology Services,NYSE,,
131,BP plc,BP,$26.65,Energy Minerals,Integrated Oil,NYSE,,
132,BRF,BRFS,$3.99,Consumer Non-Durables,Food: Meat/Fish/Dairy,NYSE,,
133,Berkshire Hathaway,BRK.B,$290.68,Finance,Multi-Line Insurance,NYSE,,
134,Brixmor Property Group,BRX,$22.46,Finance,Real Estate Investment Trusts,NYSE,,
135,Banco Santander (Brasil),BSBR,$7.54,Finance,Regional Banks,NYSE,,
136,Grupo Financiero Santander Mexico,BSMX,$5.79,Finance,Regional Banks,NYSE,,
137,Boston Scientific,BSX,$41.55,Health Technology,Medical Specialties,NYSE,,
138,Burgundy Technology Acquisition Corp,BTAQ,$9.88,Finance,Financial Conglomerates,NASDAQ,,
139,B2Gold Corporation,BTG,$5.10,Non-Energy Minerals,Precious Metals,NYSE AMERICAN,,
140,BTWN,BTWN,$10.02,Finance,Financial Conglomerates,NASDAQ,,
141,Anheuser Busch Inbev NV,BUD,$75.66,Consumer Non-Durables,Beverages: Alcoholic,NYSE,,
142,Compañía de Minas Buenaventura,BVN,$11.72,Non-Energy Minerals,Precious Metals,NYSE,,
143,BorgWarner,BWA,$51.43,Producer Manufacturing,Auto Parts: OEM,NYSE,,
144,Blackstone,BX,$87.48,Finance,Investment Managers,NYSE,,
145,Beyond Meat,BYND,$104.97,Consumer Non-Durables,Food: Major Diversified,NASDAQ,,
146,Baozun Inc,BZUN,$32.26,Retail Trade,Internet Retail,NASDAQ,,
147,Citigroup,C,$76.56,Finance,Financial Conglomerates,NYSE,, 
148,Cable One,CABO,"$1,740.36",Consumer Services,Cable/Satellite TV,NYSE,,
149,ConAgra Foods,CAG,$37.56,Consumer Non-Durables,Food: Major Diversified,NYSE,,
150,Cardinal Health,CAH,$56.34,Distribution Services,Medical Distributors,NYSE,,
151,Canon,CAJ,$23.34,Electronic Technology,Electronic Equipment/Instruments,NYSE,,
152,Carrier Global Corp,CARR,$43.64,Producer Manufacturing,Industrial Machinery,NYSE,,
153,Cars.com,CARS,$13.61,Technology Services,Internet Software/Services,NYSE,,
154,Caterpillar,CAT,$242.23,Producer Manufacturing,Trucks/Construction/Farm Machinery,NYSE,,
155,CBOE Holdings,CBOE,$113.83,Finance,Investment Banks/Brokers,NYSE AMERICAN,,
156,CBRE Group,CBRE,$86.32,Finance,Real Estate Development,NYSE,,
157,"Chemours Company, The",CC,$33.71,Process Industries,Industrial Specialties,NYSE,,
158,Crown Castle,CCI,$181.11,Finance,Real Estate Investment Trusts,NYSE,,
159,Churchill Capital Corp IV,CCIV,$17.94,Finance,Financial Conglomerates,NYSE,,
160,Carnival,CCL,$27.20,Consumer Services,Hotels/Resorts/Cruise lines,NYSE,,
161,Churchill Capital Corp II,CCX,$27.67,Finance,Financial Conglomerates,NYSE,,
162,Coeur Mining,CDE,$9.29,Non-Energy Minerals,Precious Metals,NYSE,,
163,Cadence Design Systems,CDNS,$124.28,Technology Services,Packaged Software,NASDAQ,,
164,Cerner,CERN,$76.80,Technology Services,Information Technology Services,NASDAQ,,
165,CF Industries Holdings,CF,$54.34,Process Industries,Chemicals: Agricultural,NYSE,,
166,Citizens Financial Group,CFG,$50.47,Finance,Regional Banks,NYSE,,
167,Carlyle Group,CG,$43.51,Finance,Investment Managers,NASDAQ,,
168,Cognex Corporation,CGNX,$74.04,Electronic Technology,Electronic Equipment/Instruments,NASDAQ,,
169,Chegg,CHGG,$77.35,Commercial Services,Miscellaneous Commercial Services,NYSE,,
170,Check Point Software Technologies,CHKP,$118.95,Technology Services,Internet Software/Services,NASDAQ,,
171,China Mobile,CHL,$27.67,Communications,Telecommunications Equipment,NYSE,No live pricing update,
172,ChargePoint Holdings,CHPT,$22.01,Retail Trade,Specialty Stores,NYSE,,
173,Chico's FAS,CHS,$4.21,Retail Trade,Apparel/Footwear Retail,NYSE,,
174,Charter Communications,CHTR,$710.40,Consumer Services,Cable/Satellite TV,NASDAQ,,
175,Chewy,CHWY,$67.75,Retail Trade,Internet Retail,NYSE,,
176,Cigna,CI,$263.52,Health Services,Managed Health Care,NYSE,,
177,Ciena Corporation,CIEN,$51.74,Electronic Technology,Telecommunications Equipment,NYSE,,
178,Companhia Energética de Minas Gerais,CIG,$2.25,Utilities,Electric Utilities,NYSE,,
179,Chimera Investment,CIM,$13.53,Finance,Real Estate Investment Trusts,NYSE,,
180,Colgate-Palmolive,CL,$83.56,Consumer Non-Durables,Household/Personal Care,NYSE,,
181,Cloudera,CLDR,$11.91,Technology Services,Packaged Software,NYSE,,
182,Cleveland-Cliffs Inc.,CLF,$19.51,Non-Energy Minerals,Steel,NYSE,,
183,Clean Energy Fuels,CLNE,$8.25,Utilities,Gas Distributors,NASDAQ,,
184,Colony Capital,CLNY,$6.52,Finance,Real Estate Investment Trusts,NYSE,,
185,Continental Resources,CLR,$31.48,Energy Minerals,Oil & Gas Production,NYSE,,
186,Clovis Oncology,CLVS,$5.87,Health Technology,Biotechnology,NASDAQ,,
187,The Clorox Company,CLX,$181.32,Consumer Non-Durables,Household/Personal Care,NYSE,,
188,Comerica,CMA,$79.43,Finance,Major Banks,NYSE,,
189,Comcast,CMCSA,$58.68,Consumer Services,Cable/Satellite TV,NASDAQ,,
190,CME Group (Class A),CME,$216.99,Finance,Investment Banks/Brokers,NASDAQ,,
191,Chipotle Mexican Grill,CMG,"$1,356.21",Consumer Services,Restaurants,NYSE,,
192,CM Life Sciences Inc,CMLF,$11.13,Finance,Financial Conglomerates,NASDAQ,,
193,Centene,CNC,$69.20,Health Services,Managed Health Care,NYSE,,
194,Conduent,CNDT,$7.22,Commercial Services,Miscellaneous Commercial Services,NASDAQ,,
195,CenterPoint Energy,CNP,$25.02,Utilities,Electric Utilities,NYSE,,
196,CNX Resources,CNX,$13.80,Energy Minerals,Integrated Oil,NYSE,,
197,Capital One,COF,$158.11,Finance,Major Banks,NYSE,,
198,Cabot Oil & Gas Corporation,COG,$17.77,Energy Minerals,Integrated Oil,NYSE,,
199,Coinbase,COIN,$258.37,Technology Services,Packaged Software,NASDAQ,,
200,Americold Realty Trust,COLD,$38.36,Finance,Real Estate Investment Trusts,NYSE,,
201,CommScope Holding Company,COMM,$18.16,Electronic Technology,Telecommunications Equipment,NASDAQ,,
202,Compass,COMP,$14.15,Technology Services,Packaged Software,NYSE,,
203,Conx Corp,CONX,$9.92,Finance,Financial Conglomerates,NASDAQ,,
204,ConocoPhillips,COP,$56.52,Energy Minerals,Oil & Gas Production,NYSE,,
205,Costco Wholesale,COST,$384.42,Retail Trade,Specialty Stores,NASDAQ,,
206,Coty,COTY,$8.95,Consumer Non-Durables,Household/Personal Care,NYSE,,
207,Coursera,COUR,$38.12,Technology Services,Internet Software/Services,NYSE,,
208,Coupang,CPNG,$36.43,Retail Trade,Internet Retail,NYSE,,
209,Cohn Robbins Holdings Corp,CRHC,$9.81,Finance,Financial Conglomerates,NYSE,,
210,Salesforce,CRM,$217.66,Technology Services,Packaged Software,NYSE,,
211,Crocs,CROX,$101.98,Consumer Non-Durables,Apparel/Footwear,NASDAQ,,
212,CRISPR Therapeutics AG,CRSP,$106.64,Health Technology,Biotechnology,NASDAQ,,
213,CrowdStrike,CRWD,$190.64,Technology Services,Packaged Software,NASDAQ,,
214,Cisco,CSCO,$52.90,Technology Services,Information Technology Services,NASDAQ,,
215,CoStar Group,CSGP,$821.90,Technology Services,Internet Software/Services,NASDAQ,,
216,Canadian Solar,CSIQ,$36.62,Producer Manufacturing,Electrical Products,NASDAQ,,
217,CSX,CSX,$101.71,Transportation,Railroads,NASDAQ,,
218,Cintas,CTAS,$358.08,Consumer Services,Other Consumer Services,NASDAQ,,
219,Cognizant Technology Solutions,CTSH,$71.01,Technology Services,Information Technology Services,NASDAQ,,
220,Corteva,CTVA,$46.32,Process Industries,Chemicals: Agricultural,NYSE,,
221,Citrix Systems,CTXS,$117.71,Technology Services,Packaged Software,NASDAQ,,
222,Covanta Holding Corp,CVA,$15.14,Industrial Services,Environmental Services,NYSE,,
223,Cenovus Energy Inc,CVE,$8.04,Energy Minerals,Oil & Gas Production,NYSE,,
224,Carvana Co.,CVNA,$237.53,Retail Trade,Specialty Stores,NYSE,,
225,CVS Health,CVS,$84.33,Retail Trade,Drugstore Chains,NYSE,,
226,Chevron,CVX,$109.47,Energy Minerals,Integrated Oil,NYSE,,
227,Clearway Energy,CWEN,$26.37,Utilities,Alternative Power Generation,NYSE,,
228,"CEMEX, S.A.B. de C.V.",CX,$8.34,Non-Energy Minerals,Construction Materials,NYSE,,
229,Community Health Systems,CYH,$14.14,Health Services,Hospital/Nursing Management,NYSE,,
230,Caesars Entertainment Inc.,CZR,$98.61,Consumer Services,Casinos/Gaming,NASDAQ,,
231,Dominion Energy,D,$78.07,Utilities,Electric Utilities,NYSE,,
232,Delta Air Lines,DAL,$46.31,Transportation,Airlines,NYSE,,
233,Dana Holding,DAN,$27.37,Producer Manufacturing,Auto Parts: OEM,NYSE,,
234,Darling Ingredients,DAR,$76.09,Process Industries,Agricultural Commodities/Milling,NYSE,,
235,DoorDash Inc,DASH,$141.07,Technology Services,Internet Software/Services,NYSE,,
236,Deutsche Bank AG,DB,$14.40,Finance,Major Banks,NYSE,,
237,Dropbox,DBX,$25.38,Technology Services,Data Processing Services,NASDAQ,,
238,Decarbonization Plus Acquisition Corp,DCRB,$9.94,Finance,Financial Conglomerates,NASDAQ,,
239,DuPont,DD,$83.24,Process Industries,Chemicals: Major Diversified,NYSE,,
240,Datadog,DDOG,$82.51,Technology Services,Packaged Software,NASDAQ,,
241,John Deere,DE,$384.00,Producer Manufacturing,Trucks/Construction/Farm Machinery,NYSE,,
242,Dell Technologies,DELL,$98.43,Electronic Technology,Computer Processing Hardware,NYSE,,
243,Diageo,DEO,$189.21,Consumer Non-Durables,Beverages: Alcoholic,NYSE,,
244,Discover Financial Services,DFS,$116.82,Finance,Finance/Rental/Leasing,NYSE,,
245,Dollar General,DG,$206.20,Retail Trade,Discount Stores,NYSE,,
246,Dragoneer Growth Opportunities Corp.,DGNR,$9.95,Finance,Financial Conglomerates,NYSE,,
247,Diversified Healthcare Trust,DHC,$3.64,Finance,Real Estate Investment Trusts,NASDAQ,,
248,DR Horton,DHI,$96.29,Consumer Durables,Homebuilding,NYSE,,
249,Danaher,DHR,$253.58,Health Technology,Medical Specialties,NYSE,,
250,Dine Brands Global Inc,DIN,$97.17,Consumer Services,Restaurants,NYSE,,
251,Walt Disney,DIS,$173.70,Consumer Services,Cable/Satellite TV,NYSE,,
252,Discovery Communications,DISCA,$35.65,Consumer Services,Cable/Satellite TV,NASDAQ,,
253,Discovery Communications,DISCK,$30.74,Consumer Services,Cable/Satellite TV,NASDAQ,,
254,DISH Network,DISH,$45.82,Consumer Services,Cable/Satellite TV,NASDAQ,,
255,DraftKings Inc,DKNG,$44.89,Technology Services,Internet Software/Services,NASDAQ,,
256,Digital Realty Trust,DLR,$148.88,FInance,Real Estate Investment Trusts,NYSE,,
257,Dollar Tree,DLTR,$111.23,Retail Trade,Discount Stores,NASDAQ,,
258,DocuSign,DOCU,$187.08,Technology Services,Packaged Software,NASDAQ,,
259,The Dow Chemical Company,DOW,$69.83,Process Industries,Chemicals: Specialty,NYSE,,
260,Domino's Pizza,DPZ,$427.29,Consumer Services,Restaurants,NYSE,,
261,Daqo New Energy Corp,DQ,$71.73,Process Industries,Chemicals: Specialty,NYSE,,
262,Duke Realty,DRE,$44.95,Finance,Real Estate Investment Trusts,NYSE,,
263,Darden Restaurants,DRI,$139.52,Consumer Services,Restaurants,NYSE,,
264,DTE Energy Co,DTE,$141.12,Utilities,Electric Utilities,NYSE,,
265,Duke Energy,DUK,$103.06,Utilities,Electric Utilities,NYSE,,
266,DaVita HealthCare Partners,DVA,$125.41,Health Services,Medical/Nursing Services,NYSE,,
267,Devon Energy,DVN,$26.38,Energy Minerals,Oil & Gas Production,NYSE,,
268,DXC Technology,DXC,$36.86,Technology Services,Data Processing Services,NYSE,,
269,DexCom Inc,DXCM,$333.25,Health Technology,Medical Specialties,NASDAQ,,
270,Electronic Arts,EA,$138.62,Consumer Durables,Recreational Products,NASDAQ,,
271,Eventbrite,EB,$20.61,Technology Services,Packaged Software,NYSE,,
272,eBay,EBAY,$60.86,Consumer Services,Other Consumer Services,NASDAQ,,
273,Ecolab,ECL,$224.06,Process Industries,Chemicals: Specialty,NYSE,,
274,Consolidated Edison,ED,$78.97,Utilities,Electric Utilities,NYSE,,
275,New Oriental Education & Tech Group,EDU,$12.20,Consumer Services,Other Consumer Services,NYSE,,
276,Equifax,EFX,$239.41,Commercial Services,Miscellaneous Commercial Services,NYSE,,
277,Eldorado Gold Corporation,EGO,$11.12,Non-Energy Minerals,Precious Metals,NYSE,,
278,Edison International,EIX,$58.39,Utilities,Electric Utilities,NYSE,,
279,Estee Lauder,EL,$296.48,Consumer Non-Durables,Household/Personal Care,NYSE,,
280,Elanco Animal Health,ELAN,$34.80,Process Industries,Agricultural Commodities/Milling,NYSE,,
281,Emerson,EMR,$95.84,Producer Manufacturing,Electrical Products,NYSE,,
282,Enersis Americas S.A. American,ENIA,$7.38,Utilities,Electric Utilities,NYSE,,
283,EnLink Midstream LLC,ENLC,$4.76,Industrial Services,Oil & Gas Pipelines,NYSE,,
284,Enphase Energy Inc,ENPH,$119.78,Electronic Technology,Semiconductors,NASDAQ,,
285,EOG Resources,EOG,$82.60,Energy Minerals,Oil & Gas Production,NYSE,,
286,EPAM Systems,EPAM,$451.56,Technology Services,Information Technology Services,NYSE,,
287,Enterprise Products Partners,EPD,$23.89,Industrial Services,Oil & Gas Pipelines,NYSE,,
288,Equity Distribution Acquisition Corp,EQD,$9.90,Finance,Financial Conglomerates,NYSE,,
289,AXA Equitable Holdings,EQH,$34.02,Finance,Financial Conglomerates,NYSE,,
290,Equinix,EQIX,$722.02,Finance,Real Estate Investment Trusts,NASDAQ,,
291,Equinor,EQNR,$21.73,Energy Minerals,Integrated Oil,NYSE,,
292,Equity Residential,EQR,$74.07,Finance,Real Estate Investment Trusts,NYSE,,
293,EQT Corporation,EQT,$21.39,Energy Minerals,Oil & Gas Production,NYSE,,
294,Embraer,ERJ,$12.07,Electronic Technology,Aerospace & Defense,NYSE,,
295,Element Solutions,ESI,$22.62,Process Industries,Chemicals: Major Diversified,NYSE,,
296,Energy Transfer Equity,ET,$10.11,Industrial Services,Oil & Gas Pipelines,NYSE,,
297,E.Merge Technology Acquisition Corp,ETAC,$9.75,Finance,Financial Conglomerates,NASDAQ,,
298,Entergy Corp,ETR,$107.18,Utilities,Electric Utilities,NYSE,,
299,Equitrans Midstream,ETRN,$8.21,Industrial Services,Oil & Gas Pipelines,NYSE,,
300,Etsy,ETSY,$163.11,Commercial Services,Miscellaneous Commercial Services,NASDAQ,,
301,Evercore,EVR,$147.63,Finance,Investment Banks/Brokers,NYSE,,
302,Edwards Lifesciences,EW,$89.49,Health Technology,Medical Specialties,NYSE,,
303,Exact Sciences Corporation,EXAS,$96.74,Health Technology,Biotechnology,NASDAQ,,
304,Exelon,EXC,$45.09,Utilities,Electric Utilities,NASDAQ,,
305,Exelixis,EXEL,$6.95,Health Technology,Biotechnology,NASDAQ,,
306,Expedia,EXPE,$171.80,Consumer Services,Other Consumer Services,NASDAQ,,
307,Ford,F,$11.84,Consumer Durables,Motor Vehicles,NYSE,,
308,Fortress Value Acquisition Corp II,FAII,$9.95,Finance,Financial Conglomerates,NYSE,,
309,Diamondback Energy Inc,FANG,$78.70,Energy Minerals,Oil & Gas Production,NASDAQ,,
310,Fastenal Company,FAST,$53.90,Distribution Services,Wholesale Distributors,NASDAQ,,
311,Facebook,FB,$315.94,Technology Services,Internet Software/Services,NASDAQ,,
312,FuelCell Energy,FCEL,$7.75,Electronic Technology,Electronic Equipment/Instruments,NASDAQ,,
313,Freeport,FCX,$42.29,Non-Energy Minerals,Other Metals/Minerals,NYSE,,
314,FactSet Research Systems,FDS,$330.91,Technology Services,Data Processing Services,NYSE,,
315,FedEx,FDX,$309.43,Transportation,Air Freight/Couriers,NYSE,,
316,FirstEnergy,FE,$37.61,Utilities,Electric Utilities,NYSE,,
317,FireEye,FEYE,$20.55,Technology Services,Information Technology Services,NASDAQ,,
318,FutureFuel,FF,$14.91,Process Industries,Chemicals: Specialty,NYSE,,
319,F5 Networks,FFIV,$181.27,Electronic Technology,Computer Communications,NASDAQ,,
320,FG New America Acquisition Corp,FGNA,$10.07,Finance,Financial Conglomerates,NYSE,,
321,First Horizon National Corporation,FHN,$19.14,Finance,Regional Banks,NYSE,,
322,Forum Merger III Corp,FIII,$9.89,Finance,Financial Conglomerates,NASDAQ,,
323,FIS,FIS,$150.00,Technology Services,Data Processing Services,NYSE,,
324,Fiserv,FISV,$114.41,Technology Services,Data Processing Services,NASDAQ,,
325,Fitbit,FIT,$6.95,Consumer Durables,Other Consumer Specialties,NYSE,No live pricing update,
326,Fifth Third Bancorp,FITB,$42.64,Finance,Regional Banks,NASDAQ,,
327,Foot Locker,FL,$64.60,Retail Trade,Apparel/Footwear Retail,NYSE,,
328,Flextronics International,FLEX,$17.52,Electronic Technology,Electronic Components,NASDAQ,,
329,Fluor Corporation,FLR,$19.14,Industrial Services,Engineering & Construction,NYSE,,
330,FleetCor Technologies,FLT,$272.93,Commercial Services,Miscellaneous Commercial Services,NYSE,,
331,FirstMark Horizon Acquisition Corp,FMAC,$9.88,Finance,Financial Conglomerates,NYSE,,
332,Amicus Therapeutics,FOLD,$9.49,Health Technology,Biotechnology,NASDAQ,,
333,21st Century Fox,FOXA,$37.26,Consumer Services,Broadcasting,NASDAQ,,
334,Frequency Therapeutics,FREQ,$8.66,Health Technology,Biotechnology,NASDAQ,,
335,JFrog Ltd,FROG,$36.48,Technology Services,Packaged Software,NASDAQ,,
336,FS KKR Capital,FSK,$21.45,Finance,Investment Managers,NYSE,,
337,First Solar,FSLR,$72.58,Electronic Technology,Electronic Components,NASDAQ,,
338,Fastly,FSLY,$42.60,Technology Services,Information Technology Services,NYSE,,
339,FinServ Acquisition Corp,FSRV,$11.37,Finance,Financial Conglomerates,NASDAQ,,
340,TechnipFMC plc,FTI,$8.21,Industrial Services,Oilfield Services/Equipment,NYSE,,
341,Fortinet,FTNT,$205.86,Electronic Technology,Computer Communications,NASDAQ,,
342,FTAC Olympus Acquisition Corp,FTOC,$9.93,Finance,Financial Conglomerates,NASDAQ,,
343,Fortive,FTV,$70.61,Electronic Technology,Electronic Equipment/Instruments,NYSE,,
344,Five Star Senior Living Inc,FVE,$5.95,Health Services,Hospital/Nursing Management,NASDAQ,,
345,Fiverr,FVRR,$169.70,Technology Services,Data Processing Services,NYSE,,
346,Liberty Media Group,FWONK,$44.06,Consumer Services,Movies/Entertainment,NASDAQ,,
347,General Dynamics,GD,$191.94,Electronic Technology,Aerospace & Defense,NYSE,,
348,GoDaddy,GDDY,$81.61,Technology Services,Internet Software/Services,NYSE,,
349,GDS Holdings,GDS,$74.53,Technology Services,Data Processing Services,NASDAQ,,
350,General Electric,GE,$13.26,Electronic Technology,Aerospace & Defense,NYSE,,
351,The GEO Group,GEO,$6.20,Finance,Real Estate Investment Trusts,NYSE,,
352,Guess,GES,$29.56,Consumer Non-Durables,Apparel/Footwear,NYSE,,
353,Gold Fields,GFI,$11.22,Non-Energy Minerals,Precious Metals,NYSE,,
354,Grupo Financiero Galicia,GGAL,$8.33,Finance,Regional Banks,NASDAQ,,
355,Gerdau S.A.,GGB,$6.58,Non-Energy Minerals,Steel,NYSE,,
356,Gilead Sciences,GILD,$68.53,Health Technology,Biotechnology,NASDAQ,,
357,General Mills,GIS,$63.40,Consumer Non-Durables,Food: Major Diversified,NYSE,,
358,Corning,GLW,$44.28,Electronic Technology,Electronic Components,NYSE,,
359,General Motors,GM,$56.00,Consumer Durables,Motor Vehicles,NYSE,,
360,GameStop,GME,$159.92,Retail Trade,Electronics/Appliance Stores,NYSE,,
361,Globus Medical Inc,GMED,$72.24,Health Technology,Medical Specialties,NYSE,,
362,Global Net Lease,GNL,$18.65,Finance,Real Estate Investment Trusts,NYSE,,
363,Gentex,GNTX,$34.85,Producer Manufacturing,Auto Parts: OEM,NASDAQ,,
364,Genworth Financial,GNW,$4.10,Finance,Life/Health Insurance,NYSE,,
365,Grocery Outlet Holding,GO,$34.75,Retail Trade,Food Retail,NASDAQ,,
366,Canoo,GOEV,$7.30,Consumer Durables,Motor Vehicles,NASDAQ,,
367,Gol Intelligent Airlines,GOL,$9.66,Transportation,Airlines,NYSE,,
368,Barrick Gold,GOLD,$24.02,Non-Energy Minerals,Precious Metals,NYSE,,
369,Alphabet (Class C),GOOG,"$2,316.16",Technology Services,Internet Software/Services,NASDAQ,,
370,Alphabet (Class A),GOOGL,"$2,278.38",Technology Services,Internet Software/Services,NASDAQ,,
371,Graphic Packaging Holding,GPK,$19.07,Process Industries,Containers/Packaging,NYSE,,
372,Green Plains,GPRE,$26.75,Process Industries,Chemicals: Specialty,NASDAQ,,
373,GoPro,GPRO,$9.86,Consumer Durables,Electronics/Appliances,NASDAQ,,
374,GAP,GPS,$35.71,Retail Trade,Apparel/Footwear Retail,NYSE,,
375,Groupon,GRPN,$46.24,Commercial Services,Advertising/Marketing Services,NASDAQ,,
376,GrubHub,GRUB,$58.55,Retail Trade,Specialty Stores,NYSE,,
377,Goldman Sachs,GS,$368.77,Finance,Investment Banks/Brokers,NYSE,,
378,GS Acquisition Holdings Corp II,GSAH,$10.18,Finance,Financial Conglomerates,NYSE,,
379,GlaxoSmithKline plc,GSK,$39.08,Health Technology,Pharmaceuticals: Major,NYSE,,
380,Goodyear,GT,$19.96,Consumer Durables,Automotive Aftermarket,NASDAQ,,
381,GW Pharmaceuticals plc,GWPH,$219.01,Health Technology,Pharmaceuticals: Other,NASDAQ,No live pricing update,
382,Hyatt Hotels,H,$79.23,Consumer Services,Hotels/Resorts/Cruise lines,NYSE,,
383,Health Assurance Acquisition Corp,HAAC,$10.05,Finance,Financial Conglomerates,NASDAQ,,
384,Halliburton,HAL,$23.06,Industrial Services,Oilfield Services/Equipment,NYSE,,
385,Hasbro,HAS,$96.30,Consumer Durables,Recreational Products,NASDAQ,,
386,Huntington Bancshares Incorporated,HBAN,$15.85,Finance,Regional Banks,NASDAQ,,
387,Hanesbrands,HBI,$19.18,Consumer Non-Durables,Apparel/Footwear,NYSE,,
388,HCA Healthcare,HCA,$211.50,Health Services,Hospital/Nursing Management,NYSE,,
389,Hutchison China,HCM,$25.81,Health Technology,Pharmaceuticals: Major,NASDAQ,,
390,Home Depot,HD,$323.63,Retail Trade,Home Improvement Chains,NYSE,,
391,HDFC Bank.,HDB,$70.08,Finance,Regional Banks,NYSE,,
392,Hudson Executive Investment Ord Shs Class A,HEC,$9.89,Finance,Financial Conglomerates,NASDAQ,,
393,Heico,HEI,$136.48,Electronic Technology,Aerospace & Defense,NYSE,,
394,Hess Corporation,HES,$84.33,Energy Minerals,Oil & Gas Production,NYSE,,
395,HollyFrontier,HFC,$35.82,Energy Minerals,Oil Refining/Marketing,NYSE,,
396,Hilton Grand Vacations,HGV,$44.84,Finance,Real Estate Development,NYSE,,
397,Hartford Financial Services Group,HIG,$66.07,Finance,Multi-Line Insurance,NYSE,,
398,Himax Technologies,HIMX,$11.07,Electronic Technology,Semiconductors,NASDAQ,,
399,Hecla Mining Co.,HL,$7.56,Non-Energy Minerals,Precious Metals,NYSE,,
400,Herbalife,HLF,$49.86,Distribution Services,Medical Distributors,NYSE,,
401,Hilton,HLT,$123.61,Consumer Services,Hotels/Resorts/Cruise lines,NYSE,,
402,Honda Motor,HMC,$30.25,Consumer Durables,Motor Vehicles,NYSE,,
403,Harmony Gold Mining Company Limited,HMY,$4.99,Non-Energy Minerals,Precious Metals,NYSE,,
404,Harley-Davidson,HOG,$47.69,Consumer Durables,Motor Vehicles,NYSE,,
405,Hologic,HOLX,$63.74,Health Technology,Medical Specialties,NASDAQ,,
406,At Home Group,HOME,$36.30,Retail Trade,Specialty Stores,NYSE,,
407,Honeywell,HON,$230.00,Producer Manufacturing,Industrial Conglomerates,NYSE,No live pricing update,
408,Hewlett Packard,HPE,$16.26,Electronic Technology,Computer Processing Hardware,NYSE,,
409,HP,HPQ,$32.92,Electronic Technology,Computer Processing Hardware,NYSE,,
410,H&R Block,HRB,$24.55,Consumer Services,Other Consumer Services,NYSE,,
411,Hormel Foods Corporation,HRL,$46.58,Consumer Non-Durables,Food: Meat/Fish/Dairy,NYSE,,
412,Henry Schein,HSIC,$80.66,Distribution Services,Medical Distributors,NASDAQ,,
413,Host Hotels & Resorts,HST,$17.33,Finance,Real Estate Investment Trusts,NASDAQ,,
414,Huazhu Group,HTHT,$56.50,Consumer Services,Hotels/Resorts/Cruise lines,NASDAQ,,
415,HubSpot,HUBS,$498.05,Technology Services,Information Technology Services,NYSE,,
416,Humana,HUM,$452.75,Health Services,Managed Health Care,NYSE,,
417,Huntsman Corporation,HUN,$30.09,Process Industries,Chemicals: Major Diversified,NYSE,,
418,HUYA,HUYA,$15.58,Technology Services,Packaged Software,NYSE,,
419,Howmet Aerospace,HWM,$33.25,Non-Energy Minerals,Aluminum,NYSE,,
420,Iamgold Corp,IAG,$3.35,Non-Energy Minerals,Precious Metals,NYSE,,
421,Interactive Brokers,IBKR,$69.04,Finance,Investment Banks/Brokers,NASDAQ,,
422,IBM,IBM,$144.68,Technology Services,Information Technology Services,NYSE,,
423,ICICI Bank,IBN,$16.54,Finance,Regional Banks,NYSE,,
424,Intercontinental Exchange,ICE,$113.26,Finance,Investment Banks/Brokers,NYSE,,
425,Intercept Pharmaceuticals,ICPT,$18.15,Health Technology,Pharmaceuticals: Other,NASDAQ,,
426,IDEXX Laboratories,IDXX,$530.07,Health Technology,Medical Specialties,NASDAQ,,
427,IGM Biosciences,IGMS,$68.76,Health Technology,Pharmaceuticals: Major,NASDAQ,,
428,International Game Technology,IGT,$22.00,Consumer Services,Casinos/Gaming,NYSE,,
429,Innovative Industrial Properties,IIPR,$175.41,Finance,Real Estate Investment Trusts,NYSE,,
430,Illumina,ILMN,$381.03,Health Technology,Biotechnology,NASDAQ,,
431,ImmunoGen,IMGN,$6.75,Health Technology,Biotechnology,NASDAQ,,
432,Incyte,INCY,$82.62,Health Technology,Biotechnology,NASDAQ,,
433,Infinera Corporation,INFN,$8.66,Electronic Technology,Telecommunications Equipment,NASDAQ,,
434,Infosys,INFY,$18.16,Technology Services,Information Technology Services,NYSE,,
435,Inovio Pharmaceuticals In,INO,$6.55,Health Technology,Medical Specialties,NASDAQ,,
436,Intel,INTC,$55.35,Electronic Technology,Semiconductors,NASDAQ,,
437,Intuit,INTU,$417.26,Technology Services,Packaged Software,NASDAQ,,
438,Invitation Homes,INVH,$35.11,Finance,Real Estate Investment Trusts,NYSE,,
439,International Paper Company,IP,$62.65,Process Industries,Containers/Packaging,NYSE,,
440,Interpublic Group of Companies,IPG,$32.52,Commercial Services,Advertising/Marketing Services,NYSE,,
441,Social Capital Hedosophia Holdings Corp VI,IPOD,$10.27,Finance,Financial Conglomerates,NYSE,,
442,Social Capital Hedosophia Holdings Corp V,IPOE,$14.94,Finance,Financial Conglomerates,NYSE,,
443,Social Capital Hedosophia Holdings Corp VI,IPOF,$10.09,Finance,Financial Conglomerates,NYSE,,
444,iQIYI,IQ,$12.84,Technology Services,Internet Software/Services,NASDAQ,,
445,iRobot,IRBT,$96.36,Consumer Durables,Electronics/Appliances,NASDAQ,,
446,Iron Mountain,IRM,$42.50,Finance,Real Estate Investment Trusts,NYSE,,
447,Investors Bancorp,ISBC,$15.02,Finance,Savings Banks,NASDAQ,,
448,Intuitive Surgical,ISRG,$833.38,Health Technology,Medical Specialties,NASDAQ,,
449,Gartner,IT,$231.10,Commercial Services,Miscellaneous Commercial Services,NYSE,,
450,Itaú Unibanco,ITUB,$5.47,Finance,Major Banks,NYSE,,
451,Illinois Tool Works,ITW,$238.50,Producer Manufacturing,Industrial Machinery,NYSE,,
452,Invesco Mortgage Capital,IVR,$3.54,Finance,Real Estate Investment Trusts,NYSE,,
453,Invesco,IVZ,$27.96,Finance,Investment Managers,NYSE,,
454,Jazz Pharmaceuticals,JAZZ,$179.17,Health Technology,Pharmaceuticals: Other,NASDAQ,,
455,J.B. Hunt,JBHT,$176.49,Transportation,Trucking,NASDAQ,,
456,JetBlue Airways,JBLU,$19.68,Transportation,Airlines,NASDAQ,,
457,JD.com,JD,$68.15,Retail Trade,Internet Retail,NASDAQ,,
458,Jefferies Financial Group,JEF,$32.41,Finance,Investment Banks/Brokers,NYSE,,
459,Juniper Industrial Holdings Inc Class A,JIH,$13.00,Finance,Financial Conglomerates,NYSE,,
460,Jack Henry & Associates,JKHY,$157.32,Technology Services,Information Technology Services,NASDAQ,,
461,Jinkosolar Holding,JKS,$31.47,Producer Manufacturing,Electrical Products,NYSE,,
462,Jumia,JMIA,$25.98,Technology Services,Internet Software/Services,NYSE,,
463,J&J,JNJ,$170.22,Health Technology,Pharmaceuticals: Major,NYSE,,
464,Juniper Networks,JNPR,$26.58,Technology Services,Information Technology Services,NYSE,,
465,JPMorgan,JPM,$164.01,Finance,Major Banks,NYSE,,
466,Nordstrom,JWN,$40.95,Retail Trade,Apparel/Footwear Retail,NYSE,,
467,Jaws Acquisition Corp,JWS,$13.25,Finance,Financial Conglomerates,NYSE,,
468,Kellogg's,K,$66.54,Consumer Non-Durables,Food: Major Diversified,NYSE,,
469,KAR Auction Services,KAR,$18.50,Commercial Services,Miscellaneous Commercial Services,NYSE,,
470,Keurig Dr Pepper,KDP,$36.05,Consumer Non-Durables,Beverages: Non-Alcoholic,NASDAQ,,
471,KeyCorp.,KEY,$23.39,Finance,Major Banks,NYSE,,
472,Keysight Technologies,KEYS,$139.85,Electronic Technology,Electronic Equipment/Instruments,NYSE,,
473,Kinross Gold Corporation,KGC,$7.78,Non-Energy Minerals,Precious Metals,NYSE,,
474,Kraft Heinz,KHC,$43.73,Consumer Non-Durables,Food: Major Diversified,NASDAQ,,
475,Kimco Realty Corporation,KIM,$21.23,Finance,Real Estate Investment Trusts,NYSE,,
476,KKR & Co,KKR,$56.14,Finance,Investment Managers,NYSE,,
477,Kimberly-Clark,KMB,$139.79,Consumer Non-Durables,Household/Personal Care,NYSE,,
478,Kinder Morgan,KMI,$18.36,Industrial Services,Oil & Gas Pipelines,NYSE,,
479,Knight-Swift Transportation Holdings,KNX,$48.88,Transportation,Trucking,NYSE,,
480,Coca-Cola,KO,$54.73,Consumer Non-Durables,Beverages: Non-Alcoholic,NYSE,,
481,Kroger Co,KR,$37.20,Retail Trade,Food Retail,NYSE,,
482,Kohl's,KSS,$61.32,Retail Trade,Department Stores,NYSE,,
483,KT,KT,$13.72,Communications,Major Telecommunications,NYSE,,
484,Kratos,KTOS,$25.00,Electronic Technology,Aerospace & Defense,NASDAQ,,
485,L Brands,LB,$69.23,Retail Trade,Apparel/Footwear Retail,NYSE,,
486,Leidos Holdings,LDOS,$103.38,Technology Services,Information Technology Services,NYSE,,
487,Lennar,LEN,$99.71,Consumer Durables,Homebuilding,NYSE,,
488,Leslies Inc,LESL,$27.43,Retail Trade,Specialty Stores,NASDAQ,,
489,Levi Strauss & Co,LEVI,$29.07,Consumer Non-Durables,Apparel/Footwear,NYSE,,
490,Li Auto Inc.,LI,$18.35,Producer Manufacturing,Auto Parts: OEM,NASDAQ,,
491,LKQ,LKQ,$50.68,Consumer Durables,Automotive Aftermarket,NASDAQ,,
492,Eli Lilly,LLY,$196.21,Health Technology,Pharmaceuticals: Major,NYSE,,
493,Lemonade,LMND,$69.45,Finance,Property/Casualty Insurance,NYSE,,
494,Lockheed Martin,LMT,$390.78,Electronic Technology,Aerospace & Defense,NYSE,,
495,Cheniere Energy,LNG,$83.83,Industrial Services,Oil & Gas Pipelines,NYSE AMERICAN,,
496,Logitech International SA,LOGI,$105.31,Electronic Technology,Computer Peripherals,NASDAQ,,
497,Loma Negra Compania Industrial Argentina SA,LOMA,$6.20,Non-Energy Minerals,Construction Materials,NYSE,,
498,Lowe’s,LOW,$198.91,Retail Trade,Home Improvement Chains,NYSE,,
499,LG Display,LPL,$9.84,Electronic Technology,Electronic Production Equipment,NYSE,,
500,Lam Research,LRCX,$602.99,Electronic Technology,Electronic Production Equipment,NASDAQ,,
501,Lattice Semiconductor Corp,LSCC,$46.37,Electronic Technology,Semiconductors,NASDAQ,,
502,LTC Properties,LTC,$39.91,Finance,Real Estate Investment Trusts,NYSE,,
503,Livent,LTHM,$17.73,Process Industries,Chemicals: Specialty,NYSE,,
504,Lululemon,LULU,$21.97,Retail Trade,Apparel/Footwear Retail,NASDAQ,,
505,Lumen Technologies,LUMN,$14.43,Communications,Specialty Telecommunications,NYSE,,
506,Southwest Airlines,LUV,$62.30,Transportation,Airlines,NYSE,,
507,Livongo Health,LVGO,$139.79,Health Technology,Pharmaceuticals: Major,NASDAQ,No live pricing update,
508,Las Vegas Sands,LVS,$57.90,Consumer Services,Casinos/Gaming,NYSE,,
509,LexinFintech Holdings,LX,$8.14,Finance,Finance/Rental/Leasing,NASDAQ,,
510,Lexicon Pharmaceuticals,LXRX,$4.33,Health Technology,Biotechnology,NASDAQ,,
511,Lyft,LYFT,$49.65,Technology Services,Packaged Software,NASDAQ,,
512,Live Nation Entertainment,LYV,$85.80,Consumer Services,Movies/Entertainment,NYSE,,
513,Macy's,M,$18.08,Retail Trade,Department Stores,NYSE,,
514,Mastercard,MA,$363.91,Finance,Finance/Rental/Leasing,NYSE,,
515,Marriott,MAR,$143.29,Consumer Services,Hotels/Resorts/Cruise lines,NASDAQ,,
516,Masco Corporation,MAS,$64.15,Producer Manufacturing,Building Products,NYSE,,
517,Mattel,MAT,$20.67,Consumer Durables,Recreational Products,NASDAQ,,
518,Maxeon Solar Technologies,MAXN,$15.59,Utilities,Alternative Power Generation,NASDAQ,,
519,Mobile TeleSystems PJSC,MBT,$8.89,Communications,Wireless Telecommunications,NYSE,,
520,McDonald’s,MCD,$231.72,Consumer Services,Restaurants,NYSE,,
521,McAfee Corp,MCFE,$23.75,Technology Services,Packaged Software,NASDAQ,,
522,Microchip Technology,MCHP,$145.47,Electronic Technology,Semiconductors,NASDAQ,,
523,Moody's,MCO,$334.04,Commercial Services,Financial Publishing/Services,NYSE,,
524,MongoDB,MDB,$261.19,Technology Services,Packaged Software,NASDAQ,,
525,Mondelez,MDLZ,$62.37,Consumer Non-Durables,Food: Major Diversified,NASDAQ,,
526,Allscripts Healthcare Solutions,MDRX,$16.94,Technology Services,Information Technology Services,NASDAQ,,
527,Medtronic,MDT,$125.27,Health Technology,Medical Specialties,NYSE,,
528,MercadoLibre,MELI,"$1,323.10",Technology Services,Internet Software/Services,NASDAQ,,
529,Metlife,MET,$65.90,Finance,Life/Health Insurance,NYSE,,
530,MFA Financial,MFA,$4.38,Finance,Real Estate Investment Trusts,NYSE,,
531,Mizuho Financial Group,MFG,$3.07,Finance,Major Banks,NYSE,,
532,MoneyGram,MGI,$7.73,Commercial Services,Miscellaneous Commercial Services,NASDAQ,,
533,MGM Resorts,MGM,$39.11,Consumer Services,Casinos/Gaming,NYSE,,
534,Michaels Companies,MIK,$21.97,Retail Trade,Specialty Stores,NASDAQ,No live pricing update,
535,Markel Corp.,MKL,"$1,233.32",Finance,Specialty Insurance,NYSE,,
536,Melco Crown Entertainment Limited,MLCO,$17.64,Consumer Services,Casinos/Gaming,NASDAQ,,
537,Marsh & McLennan,MMC,$134.56,Finance,Insurance Brokers/Services,NYSE,,
538,3M,MMM,$204.38,Producer Manufacturing,Industrial Conglomerates,NYSE,,
539,Monster,MNST,$92.14,Consumer Non-Durables,Beverages: Non-Alcoholic,NASDAQ,,
540,Altria,MO,$50.28,Consumer Non-Durables,Tobacco,NYSE,,
541,Momo,MOMO,$13.95,Technology Services,Information Technology Services,NASDAQ,,
542,Morningstar,MORN,$245.02,Finance,Investment Managers,NASDAQ,,
543,"Mosaic Company, The",MOS,$36.49,Process Industries,Chemicals: Agricultural,NYSE,,
544,Marathon Petroleum,MPC,$60.08,Energy Minerals,Oil Refining/Marketing,NYSE,,
545,MPLX LP,MPLX,$28.69,Industrial Services,Oil & Gas Pipelines,NYSE,,
546,Medical Properties Trust,MPW,$20.82,Finance,Real Estate Investment Trusts,NYSE,,
547,Merck,MRK,$78.29,Health Technology,Pharmaceuticals: Major,NYSE,,
548,Moderna,MRNA,$161.38,Health Technology,Biotechnology,NASDAQ,,
549,Marathon Oil Corporation,MRO,$11.80,Energy Minerals,Oil & Gas Production,NYSE,,
550,Marvell Technology,MRVL,$43.36,Electronic Technology,Semiconductors,NASDAQ,,
551,Morgan Stanley,MS,$87.35,Finance,Investment Banks/Brokers,NYSE,,
552,Microsoft,MSFT,$248.15,Technology Services,Packaged Software,NASDAQ,,
553,Madison Square Garden Sports Corp,MSGS,$185.42,Consumer Services,Movies/Entertainment,NYSE,,
554,Motorola Solutions,MSI,$201.88,Electronic Technology,Aerospace & Defense,NYSE,,
555,Datto Holding Corp,MSP,$25.41,Technology Services,Packaged Software,NYSE,,
556,Match Group,MTCH,$142.19,Technology Services,Internet Software/Services,NASDAQ,,
557,Mettler-Toledo International,MTD,"$1,274.65",Health Technology,Medical Specialties,NYSE,,
558,Matador Resources,MTDR,$29.92,Energy Minerals,Oil & Gas Production,NYSE,,
559,MGIC Investment,MTG,$14.26,FInance,Specialty Insurance,NYSE,,
560,Micron Technology,MU,$79.70,Electronic Technology,Semiconductors,NASDAQ,,
561,MUFJ Financial Group,MUFG,$5.67,Finance,Major Banks,NYSE,,
562,Murphy Oil Corporation,MUR,$20.27,Energy Minerals,Oil & Gas Production,NYSE,,
563,McEwen Mining Inc,MUX,$1.25,Non-Energy Minerals,Precious Metals,NYSE,,
564,Maxim Integrated,MXIM,$92.85,Electronic Technology,Semiconductors,NASDAQ,,
565,Navient Corporation,NAVI,$17.34,Finance,Finance/Rental/Leasing,NASDAQ,,
566,New Age Beverage,NBEV,$2.08,Consumer Non-Durables,Beverages: Alcoholic,NASDAQ,,
567,Neurocrine Biosciences,NBIX,$94.60,Health Technology,Biotechnology,NASDAQ,,
568,Norwegian Cruise Line Holdings,NCLH,$28.58,Consumer Services,Hotels/Resorts/Cruise lines,NYSE,,
569,Nasdaq OMX Group,NDAQ,$164.36,Finance,Investment Banks/Brokers,NASDAQ,,
570,NextEra Energy,NEE,$73.12,Utilities,Electric Utilities,NYSE,,
571,Newmont Mining,NEM,$70.75,Non-Energy Minerals,Precious Metals,NYSE,,
572,Cloudflare,NET,$72.30,Technology Services,Information Technology Services,NYSE,,
573,Netflix,NFLX,$493.37,Consumer Services,Cable/Satellite TV,NASDAQ,,
574,NICE Systems,NICE,$228.71,Technology Services,Information Technology Services,NASDAQ,,
575,NIO,NIO,$33.42,Consumer Durables,Motor Vehicles,NASDAQ,,
576,Nike,NKE,$135.93,Consumer Non-Durables,Apparel/Footwear,NYSE,,
577,Nikola Corporation,NKLA,$12.12,Consumer Durables,Motor Vehicles,NASDAQ,,
578,Nektar Therapeutics,NKTR,$18.98,Health Technology,Pharmaceuticals: Major,NASDAQ,,
579,NortonLifeLock,NLOK,$26.09,Technology Services,Packaged Software,NASDAQ,,
580,Annaly Capital Management,NLY,$9.13,Finance,Real Estate Investment Trusts,NYSE,,
581,Nomura,NMR,$5.37,Finance,Investment Banks/Brokers,NYSE,,
582,Noah Holdings Limited,NOAH,$43.21,Finance,Investment Banks/Brokers,NYSE,,
583,Northrop Grumman,NOC,$371.61,Electronic Technology,Aerospace & Defense,NYSE,,
584,National Oilwell Varco,NOV,$17.51,Industrial Services,Oilfield Services/Equipment,NYSE,,
585,Sunnova Energy International,NOVA,$28.75,Distribution Services,Wholesale Distributors,NYSE,,
586,ServiceNow,NOW,$460.33,Technology Services,Information Technology Services,NYSE,,
587,NeoPhotonics,NPTN,$9.11,Electronic Technology,Electronic Components,NYSE,,
588,NRG Energy,NRG,$34.33,Utilities,Electric Utilities,NYSE,,
589,New Residential Investment,NRZ,$10.34,Finance,Real Estate Investment Trusts,NYSE,,
590,Norfolk Southern Corporation,NSC,$289.83,Transportation,Railroads,NYSE,,
591,NetApp,NTAP,$78.50,Electronic Technology,Computer Peripherals,NASDAQ,,
592,Natura Holding S.A.,NTCO,$18.66,Consumer Non-Durables,Household/Personal Care,NYSE,,
593,NetEase,NTES,$105.34,Technology Services,Internet Software/Services,NASDAQ,,
594,Nutanix,NTNX,$29.99,Technology Services,Packaged Software,NASDAQ,,
595,Northern Trust Corporation,NTRS,$120.17,Finance,Regional Banks,NASDAQ,,
596,Nucor,NUE,$102.51,Non-Energy Minerals,Steel,NYSE,,
597,NuVasive,NUVA,$69.53,Health Technology,Medical Specialties,NASDAQ,,
598,Novavax,NVAX,$131.69,Health Technology,Biotechnology,NASDAQ,,
599,NovoCure,NVCR,$179.27,Health Technology,Medical Specialties,NASDAQ,,
600,Nvidia,NVDA,$569.72,Electronic Technology,Semiconductors,NASDAQ,,
601,NVR,NVR,"$4,949.71",Consumer Durables,Homebuilding,NYSE,,
602,Novartis AG,NVS,$88.96,Health Technology,Pharmaceuticals: Major,NYSE,,
603,Invitae Corporation,NVTA,$27.74,Health Services,Medical/Nursing Services,NYSE,,
604,Newell Rubbermaid,NWL,$28.95,Producer Manufacturing,Industrial Conglomerates,NASDAQ,,
605,News Corporation,NWSA,$26.70,Consumer Services,Publishing: Newspapers,NASDAQ,,
606,New York Community Bancorp,NYCB,$11.76,Finance,Savings Banks,NYSE,,
607,New York Mortgage Trust,NYMT,$4.49,Finance,Real Estate Investment Trusts,NASDAQ,,
608,New York Times,NYT,$42.94,Consumer Services,Publishing: Newspapers,NYSE,,
609,Realty Income,O,$65.34,Finance,Real Estate Investment Trusts,NYSE,,
610,Office Depot,ODP,$44.00,Retail Trade,Specialty Stores,NASDAQ,,
611,Oneok,OKE,$54.35,Industrial Services,Oil & Gas Pipelines,NYSE,,
612,Okta,OKTA,$229.25,Technology Services,Packaged Software,NASDAQ,,
613,Olin,OLN,$46.79,Process Industries,Industrial Specialties,NYSE,,
614,Omnicom Group,OMC,$83.64,Commercial Services,Advertising/Marketing Services,NYSE,,
615,ON Semiconductor,ON,$37.45,Electronic Technology,Semiconductors,NASDAQ,,
616,Opko Health,OPK,$3.70,Health Technology,Pharmaceuticals: Major,NASDAQ,,
617,Ormat Technologies,ORA,$66.21,Utilities,Alternative Power Generation,NYSE,,
618,Oracle,ORCL,$78.89,Technology Services,Packaged Software,NYSE,,
619,O'Reilly Auto Parts,ORLY,$553.33,Retail Trade,Specialty Stores,NASDAQ,,
620,Oscar Health Inc.,OSCR,$22.94,Health Services,Hospital/Nursing Management,NYSE,,
621,Overstock.com,OSTK,$71.14,Retail Trade,Internet Retail,NASDAQ,,
622,Otis Worldwide Corp,OTIS,$78.88,Producer Manufacturing,Building Products,NYSE,,
623,Encana Corporation,OVV,$26.16,Energy Minerals,Oil & Gas Production,NYSE,,
624,Occidental,OXY,$25.10,Energy Minerals,Oil & Gas Production,NYSE,,
625,Ozon,OZON,$55.83,Retail Trade,Internet Retail,NASDAQ,,
626,Plains All American Pipeline,PAA,$10.14,Industrial Services,Oil & Gas Pipelines,NASDAQ,,
627,Pan American Silver Corp,PAAS,$30.95,Non-Energy Minerals,Precious Metals,NASDAQ,,
628,Tpg Pace Tech Opportunities Corp,PACE,$10.19,Finance,Financial Conglomerates,NYSE,,
629,Pampa Energia SA,PAM,$15.67,Utilities,Electric Utilities,NYSE,,
630,Palo Alto Networks,PANW,$336.82,Electronic Technology,Computer Communications,NYSE,,
631,UiPath,PATH,$70.48,Technology Services,Packaged Software,NYSE,,
632,Paychex,PAYX,$100.11,Technology Services,Data Processing Services,NASDAQ,,
633,People's United Financial,PBCT,$22.45,Finance,Major Banks,NASDAQ,,
634,PBF Energy,PBF,$15.39,Energy Minerals,Oil Refining/Marketing,NYSE,,
635,Prestige Brands,PBH,$48.50,Health Technology,Pharmaceuticals: Other,NYSE,,
636,Pitney Bowes,PBI,$7.82,Producer Manufacturing,Office Equipment/Supplies,NYSE,,
637,Petroleo Brasileiro S.A.,PBR,$9.68,Energy Minerals,Integrated Oil,NYSE,,
638,Paccar,PCAR,$94.66,Producer Manufacturing,Trucks/Construction/Farm Machinery,NASDAQ,,
639,PG&E Corporation,PCG,$10.81,Utilities,Electric Utilities,NYSE,,
640,Pagerduty,PD,$34.87,Technology Services,Packaged Software,NYSE,,
641,PDC Energy Inc,PDCE,$41.39,Energy Minerals,Oil & Gas Production,NASDAQ,,
642,Pinduoduo Inc,PDD,$118.33,Retail Trade,Internet Retail,NASDAQ,,
643,Public Service Enterprise Group,PEG,$62.52,Utilities,Electric Utilities,NYSE,,
644,Penn National Gaming Inc,PENN,$80.80,Consumer Services,Casinos/Gaming,NASDAQ,,
645,PepsiCo,PEP,$146.59,Consumer Non-Durables,Beverages: Non-Alcoholic,NASDAQ,,
646,Pfizer,PFE,$40.02,Health Technology,Pharmaceuticals: Major,NYSE,,
647,Proofpoint,PFPT,$171.77,Technology Services,Data Processing Services,NASDAQ,,
648,P&G,PG,$138.01,Consumer Non-Durables,Household/Personal Care,NYSE,,
649,Progressive,PGR,$107.10,Finance,Property/Casualty Insurance,NYSE,,
650,Parker-Hannifin,PH,$321.84,Producer Manufacturing,Industrial Machinery,NYSE,,
651,PulteGroup,PHM,$58.46,Consumer Durables,Homebuilding,NYSE,,
652,Pinterest,PINS,$58.05,Technology Services,Internet Software/Services,NYSE,,
653,Anaplan,PLAN,$53.62,Technology Services,Packaged Software,NYSE,,
654,Prologis,PLD,$114.65,Finance,Real Estate Investment Trusts,NYSE,,
655,Planet Fitness,PLNT,$79.06,Consumer Services,Other Consumer Services,NYSE,,
656,Palantir,PLTR,$20.08,Technology Services,Packaged Software,NYSE,,
657,Plug Power,PLUG,$24.58,Electronic Technology,Electronic Components,NASDAQ,,
658,Philip Morris,PM,$97.70,Consumer Non-Durables,Tobacco,NYSE,,
659,PNC Financial,PNC,$199.38,Finance,Major Banks,NYSE,,
660,PPG Industries,PPG,$179.10,Process Industries,Industrial Specialties,NYSE,,
661,PPL Corporation,PPL,$29.26,Utilities,Electric Utilities,NYSE,,
662,Primerica,PRI,$161.55,Finance,Life/Health Insurance,NYSE,,
663,CC Neuberger Principal Holdings II,PRPB,$9.92,Finance,Financial Conglomerates,NYSE,,
664,Prudential Financial,PRU,$107.68,Finance,Financial Conglomerates,NYSE,,
665,Pluralsight,PS,$22.45,Technology Services,Information Technology Services,NASDAQ,No live pricing update,
666,Public Storage,PSA,$273.45,Finance,Real Estate Investment Trusts,NYSE,,
667,Pure Storage,PSTG,$18.03,Electronic Technology,Computer Peripherals,NYSE,,
668,Pershing Square Tontine Holdings,PSTH,$24.94,Finance,Financial Conglomerates,NYSE,,
669,Phillips 66,PSX,$87.70,Energy Minerals,Oil Refining/Marketing,NYSE,,
670,Patterson-UTI Energy,PTEN,$8.52,Industrial Services,Contract Drilling,NASDAQ,,
671,Peloton Interactive,PTON,$96.58,Consumer Services,Other Consumer Services,NASDAQ,,
672,Quanta Services,PWR,$97.42,Industrial Services,Engineering & Construction,NYSE,,
673,Pioneer Natural Resources,PXD,$157.05,Energy Minerals,Oil & Gas Production,NYSE,,
674,PayPal,PYPL,$246.29,Technology Services,Data Processing Services,NASDAQ,,
675,Qualcomm,QCOM,$130.15,Electronic Technology,Telecommunications Equipment,NASDAQ,,
676,Qudian,QD,$1.89,Technology Services,Internet Software/Services,NYSE,,
677,Qualys,QLYS,$99.83,Technology Services,Packaged Software,NASDAQ,,
678,Qurate Retail,QRTEA,$13.20,Retail Trade,Internet Retail,NASDAQ,,
679,Restaurant Brands International,QSR,$67.65,Consumer Services,Restaurants,NYSE,,
680,Q2 Holdings,QTWO,$93.99,Technology Services,Information Technology Services,NYSE,,
681,Ferrari,RACE,$198.65,Consumer Durables,Motor Vehicles,NYSE,,
682,Rite Aid,RAD,$19.13,Retail Trade,Drugstore Chains,NYSE,,
683,Roblox,RBLX,$70.95,Technology Services,Packaged Software,NYSE,,
684,Royal Caribbean Cruises,RCL,$84.27,Consumer Services,Hotels/Resorts/Cruise lines,NYSE,,
685,Redfin Corporation,RDFN,$51.14,Finance,Real Estate Development,NASDAQ,,
686,RealReal,REAL,$14.46,Retail Trade,Internet Retail,NASDAQ,,
687,Renewable Energy Group,REGI,$63.17,Process Industries,Chemicals: Specialty,NASDAQ,,
688,Regeneron Pharmaceuticals,REGN,$516.62,Health Technology,Biotechnology,NASDAQ,,
689,RPC,RES,$5.81,Industrial Services,Oilfield Services/Equipment,NYSE,,
690,Regions Financial,RF,$23.25,Finance,Major Banks,NYSE,,
691,Restoration Hardware Holdings,RH,$649.82,Retail Trade,Specialty Stores,NYSE,,
692,Rocket Companies,RKT,$17.34,Finance,Finance/Rental/Leasing,NYSE,,
693,Ralph Lauren,RL,$136.48,Retail Trade,Apparel/Footwear Retail,NYSE,,
694,Realogy Holdings,RLGY,$17.86,Finance,Real Estate Development,NYSE,,
695,ResMed,RMD,$195.42,Health Technology,Medical Specialties,NYSE,,
696,RingCentral,RNG,$239.99,Technology Services,Packaged Software,NYSE,,
697,Rockwell Automation,ROK,$267.46,Producer Manufacturing,Electrical Products,NYSE,,
698,Roku,ROKU,$315.95,Consumer Durables,Electronics/Appliances,NASDAQ,,
699,Root Inc,ROOT,$9.34,Finance,Insurance Brokers/Services,NASDAQ,,
700,Ross Stores,ROST,$130.50,Retail Trade,Apparel/Footwear Retail,NASDAQ,,
701,Range Resources Corporation,RRC,$13.04,Energy Minerals,Oil & Gas Production,NYSE,,
702,Republic Services,RSG,$111.10,Industrial Services,Environmental Services,NYSE,,
703,Reinvent Technology Partners,RTP,$9.88,Finance,Financial Conglomerates,NYSE,,
704,Raytheon Technologies Corporation,RTX,$85.88,Electronic Technology,Aerospace & Defense,NYSE,,
705,Sunrun,RUN,$41.42,Utilities,Alternative Power Generation,NASDAQ,,
706,Rackspace Technology,RXT,$19.46,Technology Services,Data Processing Services,NASDAQ,,
707,Royal Bank of Canada,RY,$100.55,Finance,Major Banks,NYSE,,
708,Spirit Airlines,SAVE,$34.97,Transportation,Airlines,NYSE,,
709,Sally Beauty,SBH,$22.96,Retail Trade,Specialty Stores,NYSE,,
710,Companhia de Saneamento Basico,SBS,$8.03,Utilities,Water Utilities,NYSE,,
711,Sibanye-Stillwater,SBSW,$18.47,Non-Energy Minerals,Precious Metals,NYSE,,
712,Starbucks,SBUX,$111.20,Consumer Services,Restaurants,NASDAQ,,
713,Southern Copper,SCCO,$76.30,Non-Energy Minerals,Other Metals/Minerals,NYSE,,
714,Charles Schwab,SCHW,$73.25,Finance,Investment Banks/Brokers,NYSE,,
715,Sea Limited,SE,$216.69,Technology Services,Internet Software/Services,NYSE,,
716,Seaboard Corp.,SEB,"$3,730.00",Consumer Non-Durables,Food: Meat/Fish/Dairy,NYSE AMERICAN,,
717,SolarEdge Technologies,SEDG,$218.87,Producer Manufacturing,Electrical Products,NASDAQ,,
718,Stitch Fix,SFIX,$43.06,Retail Trade,Apparel/Footwear Retail,NASDAQ,,
719,Sprouts Farmers Market,SFM,$26.37,Retail Trade,Food Retail,NASDAQ,,
720,Sangamo Therapeutics,SGMO,$10.85,Health Technology,Biotechnology,NASDAQ,,
721,Shake Shack,SHAK,$83.25,Consumer Services,Restaurants,NYSE,,
722,Shopify,SHOP,"$1,085.01",Retail Trade,Internet Retail,NYSE,,
723,Sherwin-Williams,SHW,$286.09,Process Industries,Industrial Specialties,NYSE,,
724,Companhia Siderurgica Nacional,SID,$8.86,Non-Energy Minerals,Steel,NYSE,,
725,Sirius XM,SIRI,$5.91,Consumer Services,Broadcasting,NASDAQ,,
726,Tanger Factory Outlet Centers,SKT,$16.57,Finance,Real Estate Investment Trusts,NYSE,,
727,Skechers,SKX,$48.50,Consumer Non-Durables,Apparel/Footwear,NYSE,,
728,Schlumberger,SLB,$32.81,Industrial Services,Oilfield Services/Equipment,NYSE,,
729,US Silica Holdings,SLCA,$11.59,Non-Energy Minerals,Other Metals/Minerals,NYSE,,
730,SLM Corporation,SLM,$19.82,Finance,Finance/Rental/Leasing,NASDAQ,,
731,SM Energy Company,SM,$17.64,Energy Minerals,Oil & Gas Production,NYSE,,
732,Smartsheet,SMAR,$54.59,Technology Services,Packaged Software,NYSE,,
733,Sumitomo Mitsui Financial Group,SMFG,$7.30,Finance,Major Banks,NYSE,,
734,The Scotts Miracle-Gro Company,SMG,$229.99,Process Industries,Chemicals: Agricultural,NYSE,,
735,Snap,SNAP,$52.99,Technology Services,Internet Software/Services,NYSE,,
736,Snowflake,SNOW,$209.99,Technology Services,Packaged Software,NYSE,,
737,Synopsys,SNPS,$239.70,Technology Services,Packaged Software,NASDAQ,,
738,Southern Company,SO,$65.11,Utilities,Electric Utilities,NYSE,,
739,Sogou,SOGO,$8.24,Technology Services,Internet Software/Services,NYSE,,
740,Sony,SONY,$94.15,Consumer Durables,Electronics/Appliances,NYSE,,
741,Virgin Galactic,SPCE,$16.18,Electronic Technology,Aerospace & Defense,NYSE,,
742,Simon Property,SPG,$122.18,Finance,Real Estate Investment Trusts,NYSE,,
743,S&P,SPGI,$379.16,Commercial Services,Financial Publishing/Services,NYSE,,
744,Splunk,SPLK,$116.22,Technology Services,Information Technology Services,NASDAQ,,
745,Spotify,SPOT,$223.59,Technology Services,Internet Software/Services,NYSE,,
746,SunPower,SPWR,$22.24,Producer Manufacturing,Electrical Products,NASDAQ,,
747,Square,SQ,$207.85,Technology Services,Information Technology Services,NYSE,,
748,Chemical & Mining Co. of Chile,SQM,$52.31,Process Industries,Chemicals: Agricultural,NYSE,,
749,Stable Road Acquisition Corp Class A,SRAC,$10.87,Finance,Financial Conglomerates,NASDAQ,,
750,Sempra Energy,SRE,$138.11,Utilities,Gas Distributors,NYSE,,
751,SS&C Technologies Holdings,SSNC,$74.26,Technology Services,Information Technology Services,NASDAQ,,
752,Sutter Rock Capital,SSSS,$0.01,Finance,Investment Managers,NASDAQ,No live pricing update,
753,Extended Stay America,STAY,$19.63,Consumer Services,Hotels/Resorts/Cruise lines,NASDAQ,,
754,Northern Star Acquisition Corp,STIC,$9.98,Finance,Financial Conglomerates,NYSE,,
755,Stellantis,STLA,$18.15,Consumer Durables,Motor Vehicles,NYSE,,
756,Steel Dynamics,STLD,$63.76,Non-Energy Minerals,Steel,NASDAQ,,
757,StoneCo,STNE,$59.21,Technology Services,Packaged Software,NASDAQ,,
758,State Street,STT,$86.75,Finance,Regional Banks,NYSE,,
759,Seagate Technology,STX,$97.97,Electronic Technology,Computer Peripherals,NASDAQ,,
760,Constellation Brands,STZ,$234.44,Consumer Non-Durables,Beverages: Alcoholic,NYSE,,
761,Suncor Energy,SU,$23.23,Energy Minerals,Integrated Oil,NYSE,,
762,Sumo Logic Inc,SUMO,$16.86,Technology Services,Packaged Software,NASDAQ,,
763,Grupo Supervielle,SUPV,$1.82,Finance,Major Banks,NYSE,,
764,Starboard Value Acquisition Corp,SVAC,$9.90,Finance,Financial Conglomerates,NASDAQ,,
765,Stanley Black & Decker,SWK,$216.01,Consumer Durables,Tools & Hardware,NYSE,,
766,Skyworks Solutions,SWKS,$165.45,Electronic Technology,Semiconductors,NASDAQ,,
767,Southwestern Energy,SWN,$5.07,Energy Minerals,Oil & Gas Production,NYSE,,
768,Synchrony Financial,SYF,$46.80,Finance,Finance/Rental/Leasing,NYSE,,
769,Stryker,SYK,$252.95,Health Technology,Medical Specialties,NYSE,,
770,Sysco,SYY,$84.00,Distribution Services,Food Distributors,NYSE,,
771,AT&T,T,$32.24,Communications,Major Telecommunications,NYSE,,
772,Takeda Pharmaceutical,TAK,$17.12,Health Technology,Pharmaceuticals: Major,NYSE,,
773,Tal Education Group,TAL,$48.74,Consumer Services,Other Consumer Services,NYSE,,
774,Thoma Bravo Advantage,TBA,$10.24,Finance,Financial Conglomerates,NYSE,,
775,Trip.com,TCOM,$37.51,Consumer Services,Other Consumer Services,NASDAQ,,
776,Toronto-Dominion Bank,TD,$72.41,Finance,Major Banks,NYSE,,
777,Teladoc,TDOC,$139.68,Health Services,Hospital/Nursing Management,NYSE,,
778,Atlassian Corporation Plc,TEAM,$214.99,Technology Services,Packaged Software,NASDAQ,,
779,Teck Resources,TECK,$25.47,Non-Energy Minerals,Other Metals/Minerals,NYSE,,
780,Teradyne,TER,$122.35,Electronic Technology,Electronic Production Equipment,NASDAQ,,
781,Teva Pharmaceutical Industries,TEVA,$10.57,Health Technology,Pharmaceuticals: Generic,NYSE,,
782,Truist Financial Corp,TFC,$61.64,Finance,Regional Banks,NYSE,,
783,Teleflex,TFX,$393.00,Health Technology,Medical Specialties,NYSE,,
784,Triumph,TGI,$15.84,Electronic Technology,Aerospace & Defense,NYSE,,
785,Target,TGT,$211.16,Retail Trade,Specialty Stores,NYSE,,
786,Thunder Bridge Acquisition II Ltd,THBR,$10.07,Finance,Financial Conglomerates,NASDAQ,,
787,UP Fintech,TIGR,$16.79,Finance,Investment Banks/Brokers,NASDAQ,,
788,TIM SA,TIMB,$11.56,Communications,Wireless Telecommunications,NYSE,,
789,TJX Companies Inc,TJX,$72.43,Retail Trade,Apparel/Footwear Retail,NYSE,,
790,Tailored Brands,TLRDQ,$0.01,Retail Trade,Apparel/Footwear Retail,NYSE,No live pricing update,
791,Toyota,TM,$155.85,Consumer Durables,Motor Vehicles,NYSE,,
792,Tencent Music Entertainment Group,TME,$15.21,Technology Services,Internet Software/Services,NYSE,,
793,Thermo Fisher Scientific,TMO,$459.07,Health Technology,Medical Specialties,NYSE,,
794,T-Mobile,TMUS,$141.52,Communications,Wireless Telecommunications,NASDAQ,,
795,TPG Pace Beneficial Finance Corp.,TPGY,$14.14,Finance,Financial Conglomerates,NYSE,,
796,TPI Composites,TPIC,$44.48,Producer Manufacturing,Electrical Products,NASDAQ,,
797,Tapestry,TPR,$46.82,Retail Trade,Apparel/Footwear Retail,NYSE,,
798,Tempur Sealy,TPX,$37.89,Consumer Durables,Home Furnishings,NYSE,,
799,Targa Resources,TRGP,$38.52,Energy Minerals,Oil Refining/Marketing,NYSE,,
800,TripAdvisor,TRIP,$42.17,Consumer Services,Other Consumer Services,NASDAQ,,
801,T. Rowe Price,TROW,$191.07,Finance,Investment Managers,NASDAQ,,
802,Travelers,TRV,$160.51,Finance,Multi-Line Insurance,NYSE,,
803,Tesla,TSLA,$589.74,Consumer Durables,Motor Vehicles,NASDAQ,,
804,Taiwan Semiconductor,TSM,$112.46,Electronic Technology,Semiconductors,NYSE,,
805,Tyson Foods,TSN,$80.34,Consumer Non-Durables,Food: Meat/Fish/Dairy,NYSE,,
806,TuSimple,TSP,$36.77,Consumer Durables,Motor Vehicles,NASDAQ,,
807,Trade Desk,TTD,$517.49,Commercial Services,Advertising/Marketing Services,NASDAQ,,
808,Tata Motors,TTM,$21.24,Consumer Durables,Motor Vehicles,NYSE,,
809,T2 Interactive,TTWO,$166.99,Consumer Durables,Recreational Products,NASDAQ,,
810,"Grupo Televisa, S.A.B.",TV,$12.65,Consumer Services,Broadcasting,NYSE,,
811,Tradeweb Markets,TW,$83.88,Technology Services,Internet Software/Services,NASDAQ,,
812,TWC Tech Holdings II Corp,TWCT,$9.86,Finance,Financial Conglomerates,NASDAQ,,
813,Twilio,TWLO,$299.40,Technology Services,Packaged Software,NYSE,,
814,Two Harbors Investment,TWO,$7.18,Finance,Real Estate Investment Trusts,NYSE,,
815,2U,TWOU,$34.88,Technology Services,Packaged Software,NASDAQ,,
816,Twitter,TWTR,$51.73,Technology Services,Internet Software/Services,NYSE,,
817,TherapeuticsMD,TXMD,$1.05,Health Technology,Pharmaceuticals: Generic,NASDAQ,,
818,Texas Instruments,TXN,$183.27,Electronic Technology,Semiconductors,NASDAQ,,
819,Unity Software,U,$87.48,Technology Services,Packaged Software,NYSE,,
820,Under Armour (Class C),UA,$19.01,Consumer Non-Durables,Apparel/Footwear,NYSE,,
821,Under Armour,UAA,$22.78,Consumer Non-Durables,Apparel/Footwear,NYSE,,
822,United Continental Holdings,UAL,$55.28,Transportation,Airlines,NASDAQ,,
823,Uber,UBER,$47.42,Technology Services,Packaged Software,NYSE,,
824,UBS Group AG,UBS,$15.49,Finance,Major Banks,NYSE,,
825,Ultra Clean Holdings,UCTT,$48.71,Electronic Technology,Semiconductors,NASDAQ,,
826,Ultrapar Participações,UGP,$3.80,Energy Minerals,Oil Refining/Marketing,NYSE,,
827,Ulta Beauty,ULTA,$324.28,Retail Trade,Specialty Stores,NASDAQ,,
828,United Microelectronics,UMC,$8.57,Electronic Technology,Semiconductors,NYSE,,
829,UnitedHealth,UNH,$409.80,Health Services,Managed Health Care,NYSE,,
830,Uniti Group,UNIT,$10.72,Finance,Real Estate Investment Trusts,NASDAQ,,
831,Unum Group,UNM,$30.74,Finance,Life/Health Insurance,NYSE,,
832,Union Pacific,UNP,$227.86,Transportation,Railroads,NYSE,,
833,UPS,UPS,$216.38,Transportation,Air Freight/Couriers,NYSE,,
834,Urban Outfitters,URBN,$37.36,Retail Trade,Apparel/Footwear Retail,NASDAQ,,
835,US Bancorp,USB,$61.91,Finance,Major Banks,NYSE,,
836,Uxin,UXIN,$2.73,Technology Services,Internet Software/Services,NASDAQ,,
837,Visa,V,$226.94,Finance,Finance/Rental/Leasing,NYSE,,
838,Vector Acquisition Corp.,VACQ,$9.94,Finance,Financial Conglomerates,NASDAQ,,
839,Vale,VALE,$21.03,Non-Energy Minerals,Steel,NYSE,,
840,Veeva Systems,VEEV,$251.70,Technology Services,Packaged Software,NYSE,,
841,Vereit,VER,$45.07,Finance,Real Estate Investment Trusts,NYSE,,
842,VF Corporation,VFC,$85.44,Consumer Non-Durables,Apparel/Footwear,NYSE,,
843,Vonage Holdings,VG,$13.08,Communications,Specialty Telecommunications,NASDAQ,,
844,VG Acquisition Corp,VGAC,$9.94,Finance,Financial Conglomerates,NYSE,,
845,Vector Group,VGR,$13.84,Consumer Non-Durables,Tobacco,NYSE,,
846,ViacomCBS,VIACA,$44.03,Consumer Services,Broadcasting,NASDAQ,,
847,VICI Properties,VICI,$30.87,Finance,Real Estate Development,NYSE,,
848,VPC Impact Acquisition Holdings,VIH,$10.26,Finance,Financial Conglomerates,NASDAQ,,
849,Vipshop Holdings Limited,VIPS,$25.24,Retail Trade,Internet Retail,NYSE,,
850,Vir Biotechnology Inc,VIR,$42.21,Health Technology,Biotechnology,NASDAQ,,
851,Telefonica Brasil,VIV,$8.17,Communications,Major Telecommunications,NYSE,,
852,Valero,VLO,$81.21,Energy Minerals,Oil Refining/Marketing,NYSE,,
853,VMware,VMW,$164.30,Technology Services,Information Technology Services,NYSE,,
854,Vroom Inc,VRM,$38.86,Retail Trade,Specialty Stores,NASDAQ,,
855,Verisk Analytics,VRSK,$175.00,Finance,Insurance Brokers/Services,NASDAQ,,
856,Verisign,VRSN,$220.92,Technology Services,Internet Software/Services,NASDAQ,,
857,Vertex Pharmaceuticals,VRTX,$217.09,Health Technology,Biotechnology,NASDAQ,,
858,Vistra Energy,VST,$16.38,Utilities,Electric Utilities,NYSE,,
859,Ventas,VTR,$54.64,Finance,Real Estate Investment Trusts,NYSE,,
860,Viatris,VTRS,$16.00,Health Technology,Pharmaceuticals: Major,NASDAQ,,
861,Verizon,VZ,$58.69,Communications,Major Telecommunications,NYSE,,
862,Wayfair,W,$300.00,Retail Trade,Internet Retail,NYSE,,
863,WABTEC Corporation,WAB,$80.53,Producer Manufacturing,Trucks/Construction/Farm Machinery,NYSE,,
864,Weibo,WB,$48.91,Technology Services,Internet Software/Services,NASDAQ,,
865,Walgreens Boots,WBA,$54.71,Retail Trade,Drugstore Chains,NASDAQ,,
866,Waste Connections,WCN,$121.26,Industrial Services,Environmental Services,NYSE,,
867,Workday,WDAY,$228.77,Technology Services,Information Technology Services,NASDAQ,,
868,Western Digital,WDC,$71.87,Electronic Technology,Computer Peripherals,NASDAQ,,
869,Welltower,WELL,$73.22,Finance,Real Estate Investment Trusts,NYSE,,
870,Wendy's Company,WEN,$23.40,Consumer Services,Restaurants,NASDAQ,,
871,WEX,WEX,$191.63,Technology Services,Data Processing Services,NYSE,,
872,Wells Fargo,WFC,$46.96,Finance,Major Banks,NYSE,,
873,Wingstop,WING,$136.23,Consumer Services,Restaurants,NASDAQ,,
874,Wipro,WIT,$7.39,Technology Services,Information Technology Services,NYSE,,
875,Wix.com Ltd,WIX,$222.64,Technology Services,Information Technology Services,NASDAQ,,
876,Workhorse Group Inc,WKHS,$8.10,Producer Manufacturing,Auto Parts: OEM,NASDAQ,,
877,Waste Management,WM,$141.94,Industrial Services,Environmental Services,NYSE,,
878,Williams Companies,WMB,$25.88,Industrial Services,Oil & Gas Pipelines,NYSE,,
879,Walmart,WMT,$139.52,Retail Trade,Food Retail,NYSE,,
880,Slack,WORK,$41.31,Technology Services,Packaged Software,NYSE,,
881,Foley Trasimene Acquisition Corp.,WPF,$10.08,Finance,Financial Conglomerates,NYSE,,
882,WestRock,WRK,$60.57,Process Industries,Containers/Packaging,NYSE,,
883,White Mountains Insurance Group,WTM,"$1,187.31",Finance,Multi-Line Insurance,NYSE,,
884,Western Union,WU,$24.86,Finance,Finance/Rental/Leasing,NYSE,,
885,World Wrestling Entertainment,WWE,$53.69,Consumer Services,Movies/Entertainment,NYSE,,
886,Weyerhaeuser Co.,WY,$38.31,Finance,Real Estate Investment Trusts,NYSE,,
887,Wynn Resorts,WYNN,$126.67,Consumer Services,Casinos/Gaming,NASDAQ,,
888,United States Steel,X,$25.50,Non-Energy Minerals,Steel,NYSE,,
889,Cimarex Energy,XEC,$71.49,Energy Minerals,Oil & Gas Production,NYSE,,
890,Xcel Energy,XEL,$71.72,Utilities,Electric Utilities,NASDAQ,,
891,Exagen,XGN,$12.49,Health Services,Medical/Nursing Services,NASDAQ,,
892,Xilinx,XLNX,$118.00,Electronic Technology,Semiconductors,NASDAQ,,
893,Exxon Mobil,XOM,$60.77,Energy Minerals,Integrated Oil,NYSE,,
894,Xpeng,XPEV,$25.70,Consumer Durables,Motor Vehicles,NYSE,,
895,DPCM Capital Inc.,XPOA,$9.76,Finance,Financial Conglomerates,NYSE,,
896,Xerox,XRX,$24.21,Electronic Technology,Computer Peripherals,NYSE,,
897,YETI Holdings Inc,YETI,$88.55,Producer Manufacturing,Miscellaneous Manufacturing,NYSE,,
898,YPF,YPF,$4.47,Energy Minerals,Integrated Oil,NYSE,,
899,Yum!,YUM,$119.27,Consumer Services,Restaurants,NYSE,,
900,Yum!,YUMC,$63.12,Consumer Services,Restaurants,NYSE,,
901,YY,YY,$87.57,Technology Services,Internet Software/Services,NASDAQ,,
902,Zillow Group,Z,$111.88,Technology Services,Information Technology Services,NASDAQ,,
903,Zimmer Biomet,ZBH,$167.27,Health Technology,Medical Specialties,NYSE,,
904,Zebra Technologies,ZBRA,$486.73,Electronic Technology,Computer Peripherals,NASDAQ,,
905,Zendesk,ZEN,$135.04,Technology Services,Data Processing Services,NYSE,,
906,Zions Bancorporation,ZION,$60.20,Finance,Regional Banks,NASDAQ,,
907,Zoom,ZM,$307.89,Technology Services,Packaged Software,NASDAQ,,
908,Zynga,ZNGA,$10.25,Technology Services,Internet Software/Services,NASDAQ,,
909,China Southern Airlines,ZNH,$33.00,Transportation,Airlines,NYSE,,
910,Zscaler,ZS,$165.34,Technology Services,Packaged Software,NASDAQ,,
911,ZTO Express,ZTO,$30.83,Transportation,Air Freight/Couriers,NYSE,,
912,Zoetis,ZTS,$172.29,Health Technology,Pharmaceuticals: Generic,NYSE,,